https://www.joinblvd.com/blog/top-medspa-show-2026	l_blvd_shows
https://www.withorbital.com/blog/top-10-us-medspa-conferences-2026	l_orb_conf
https://www.getweave.com/blog-med-spa-conferences/	l_weave_conf
https://vetmyfranchise.com/blog/med-spa-franchise-industry	l_vetmy
https://topfranchise.com/articles/top-med-spa-franchise-businesses-for-sale-in-usa/	l_topfr
https://www.vettedbiz.com/resources/best-beauty-med-spa-franchises-to-own	l_vetted
https://glp1-us.com/compare/best-glp-1-programs/	l_glp1us
https://www.withorbital.com/data/med-spa/	l_orb_medspa
https://www.americanmedspa.org/news/orangetwist-accelerates-growth-with-acquisition-of-two-skin-body-soul-locations/	l_ot_news
https://www.americanmedspa.org/news/med-spa-ma-and-private-sales-a-look-back-at-2025-and-what-lies-ahead/	l_amspa_ma
https://franchisecreator.com/franchise-med-spa/	l_fcreator
https://www.medicaldirectorco.com/spa-franchise-opportunities/	l_mdco_fran
