https://www.laseraway.com/	platform
https://www.idealimage.com/	platform
https://milanlaser.com/	platform
https://www.skinspirit.com/	platform
https://everbody.com/	platform
https://www.viomedspa.com/	platform
https://princetonmedspapartners.com/	platform
https://alphaaestheticspartners.com/	platform
https://empoweraesthetics.com/	platform
https://medspapartners.com/	platform
https://www.sonobello.com/	platform
https://sevlaser.com/	platform
https://elase.com/	platform
https://skinlaundry.com/	platform
https://orangetwist.com/	platform
https://4everyoungantiaging.com/	platform
https://icryo.com/	platform
https://www.kalologie.com/	platform
https://www.bodydetails.com/	platform
https://dermanimedspa.com/	platform
https://skinpharm.com/	platform
https://www.peachystudio.com/	platform
https://alchemy43.com/	platform
https://www.skinclique.com/	platform
https://radianceholdings.com/	platform
https://www.sonamedspa.com/	platform
https://www.laserclinique.com/	platform
https://bodenvy.com/	platform
https://www.gloskinbeauty.com/	platform
https://www.ampaesthetics.com/	platform
https://ayamedicalspa.com/	platform
https://www.hellobeautifulmedspa.com/	platform
https://www.renewmedspa.com/	platform
https://www.lumenmedspa.com/	platform
https://www.beautybarmedispa.com/	platform
https://www.serenitymedspa.com/	platform
https://www.vitaliamedspa.com/	platform
https://www.sculptmd.com/	platform
https://www.liftaesthetics.com/	platform
https://www.aestheticare.com/	platform
https://www.nakedmd.com/	platform
https://www.restore.com/	ivchain
https://www.thedripbar.com/	ivchain
https://hydralivetherapy.com/	ivchain
https://liquivida.com/	ivchain
https://primeivhydration.com/	ivchain
https://driphydration.com/	ivchain
https://hydreight.com/	ivchain
https://www.revivme.com/	ivchain
https://www.ivnutrition.com/	ivchain
https://theivdoc.com/	ivchain
https://mediweightloss.com/	glp1
https://redmountainweightloss.com/	glp1
https://optionsmedicalweightloss.com/	glp1
https://www.formhealth.co/	glp1
https://www.joincalibrate.com/	glp1
https://ro.co/	glp1
https://www.forhims.com/	glp1
https://lifemd.com/	glp1
https://joinmochi.com/	glp1
https://www.tryeden.com/	glp1
https://www.enarahealth.com/	glp1
https://www.physicianswellnessclinic.com/	glp1
https://www.zenoti.com/	software
https://www.joinblvd.com/	software
https://www.aestheticspro.com/	software
https://www.aestheticrecord.com/	software
https://www.patientnow.com/	software
https://www.vagaro.com/	software
https://www.mangomint.com/	software
https://www.nextech.com/	software
https://www.modmed.com/	software
https://www.jane.app/	software
https://www.getweave.com/	software
https://www.symplast.com/	software
https://www.mindbodyonline.com/	software
https://www.repeatmd.com/	software
https://pabau.com/	software
https://www.podium.com/	software
https://www.moxie.md/	msoservice
https://qualiphy.me/	msoservice
https://www.medicaldirectorco.com/	msoservice
https://guardianmedicaldirection.com/	msoservice
https://www.empiremedicaltraining.com/	training
https://iapam.com/	training
https://www.nationallaserinstitute.com/	training
https://aaamed.org/	training
https://www.aaopm.com/	training
https://estheticskininstitute.com/	training
https://www.allerganaesthetics.com/	manufacturer
https://www.galderma.com/us	manufacturer
https://www.merzaesthetics.com/	manufacturer
https://www.evolus.com/	manufacturer
https://revance.com/	manufacturer
https://www.cynosure.com/	manufacturer
https://www.candelamedical.com/	manufacturer
https://inmodemd.com/	manufacturer
https://www.cutera.com/	manufacturer
https://www.btlaesthetics.com/	manufacturer
https://sciton.com/	manufacturer
https://www.almalasers.com/	manufacturer
https://lumenis.com/	manufacturer
https://venusconcept.com/	manufacturer
https://www.soltamedical.com/	manufacturer
https://aerolase.com/	manufacturer
https://www.americanmedspa.org/	association
https://www.theaestheticsociety.org/	association
https://www.aslms.org/	association
https://www.asds.net/	association
https://www.plasticsurgery.org/	association
https://www.aafprs.org/	association
https://www.ispan.org/	association
https://www.dnanurse.org/	association
https://skytalegroup.com/	consultant
https://aestheticbrokers.com/	consultant
https://olympicma.com/	consultant
https://www.providenthp.com/	consultant
https://physiciangrowthpartners.com/	consultant
https://www.growth99.com/	marketing
https://influxmarketing.com/	marketing
https://crystalcleardm.com/	marketing
https://www.medspa-rx.com/	marketing
https://empowerpharmacy.com/	pharmacy
https://olympiapharma.com/	pharmacy
https://hallandalepharmacy.com/	pharmacy
https://reviverx.com/	pharmacy
https://belmarpharmasolutions.com/	pharmacy
https://strivepharmacy.com/	pharmacy
https://www.bhg.com/	lender
https://www.getprovide.com/	lender
https://withcherry.com/	lender
https://www.patientfi.com/	lender
https://www.carecredit.com/	lender
https://alphaeoncredit.com/	lender
https://byrdadatto.com/	lawfirm
https://lengea.com/	lawfirm
https://jacksonllp.com/	lawfirm
https://cohenhealthcarelaw.com/	lawfirm
https://www.nelsonhardiman.com/	lawfirm
https://www.frierlevitt.com/	lawfirm
https://www.chellelaw.com/	lawfirm
https://medspastandards.com/	competitor
https://www.withorbital.com/	datavendor
