https://www.empower.spa/	o4_empower
https://www.weramp.com/	o4_amp
https://www.partnerwithalpha.com/	o4_alpha
https://princetonmedspapartners.com/our-partners/	o4_pmp_partners
https://www.partnerwithalpha.com/our-partners	o4_alpha_partners
https://unitedaestheticsalliance.com/	o4_uaa
https://www.medspapartners.com/clinics	o4_msp_clinics
https://www.avelure.com/	o4_avelure
https://www.blushmed.com/	o4_blushmed
https://curatemedaesthetics.com/	o4_curate
https://www.skinpharm.com/	o4_skinpharm
https://peachystudio.com/	o4_peachy
https://www.idealimage.com/	o4_idealimage
https://moxie.md/about	o4_moxie
https://www.lengea.com/med-spa-law	o4_lengea
https://www.thedripbar.com/locations/	o4_dripbar
https://www.hydrateivbar.com/	o4_hydrateiv
https://onusiv.com/	o4_onus
https://www.vida-flo.com/	o4_vidaflo
https://c3wellnessspa.com/franchise/	o4_c3
https://www.facialmaniamedspa.com/	o4_facialmania
https://www.alexislaurenmedspa.com/	o4_alexislauren
https://www.iapam.com/	o4_iapam2
https://www.aaamed.org/	o4_aaams
https://aestheticmentor.com/	o4_aestheticmentor
https://www.cmfgroup.com/	o4_cmf
https://www.medsafe.com/	o4_medsafe
https://safelinkconsulting.com/	o4_safelink
https://compliancy-group.com/	o4_compliancy
https://www.cedrsolutions.com/	o4_cedr
https://www.pacificrb.com/	o4_pacificrb
https://www.universalhc.com/	o4_universalhc
https://dermaestheticconsulting.com/	o4_dac
https://www.medicalmarketingwhiz.com/	o4_mmw
https://saltmarketing.co/	o4_salt
https://aestheramarketing.com/	o4_aesthera
https://ragingagency.com/	o4_raging
https://www.shinerx.com/	o4_shinerx
https://www.spakinect.com/	o4_spakinect
https://dayspark.com/	o4_dayspark
https://www.getpeakhealth.com/	o4_peakhealth
https://valuecapinc.com/	o4_valuecap
https://atteign.com/	o4_atteign
https://www.phorest.com/us	o4_phorest
https://glossgenius.com/	o4_glossgenius
https://www.callrail.com/	o4_callrail
https://corraldata.com/	o4_corraldata
https://www.aestheticinjectoracademy.com/	o4_aia
https://www.alastin.com/	o4_alastin
https://www.cavincpa.com/	o4_cavin
https://www.obsidian.inc/	o4_obsidian
https://www.xiteco.com/	o4_xite
https://mangovoice.com/	o4_mangovoice
https://usapayments.com/	o4_usapayments
https://lineagebiomedical.com/	o4_lineage
https://getascore.io/	o4_adintellx
https://designedbystax.com/	o4_stax
https://www.medpurchasing.com/	o4_medpurchasing
https://brightskiesservice.com/	o4_brightskies
https://clarius.com/aesthetics	o4_clarius
https://www.cpskinhealthpro.com/	o4_cpskin
https://www.dermaconcepts.com/	o4_dermaconcepts
https://pro.dermalogica.com/	o4_dermalogica
https://www.earthlite.com/	o4_earthlite
https://www.dawsystems.com/	o4_daw
