https://www.laseraway.com/	573ee7229529
https://www.idealimage.com/	270ef3cb11da
https://milanlaser.com/	529ffa798518
https://www.skinspirit.com/	08eb140d116c
https://everbody.com/	c711e4bff16f
https://www.viomedspa.com/	acf6192f2900
https://princetonmedspapartners.com/	c264442b8edf
https://alphaaestheticspartners.com/	a62d961adc74
https://empoweraesthetics.com/	212ae99b1431
https://medspapartners.com/	327c3cb0b6f2
https://www.sonobello.com/	0c251f6f7653
https://sevlaser.com/	bb8be224285f
https://elase.com/	2d3f9da83920
https://skinlaundry.com/	0e8010a9612c
https://orangetwist.com/	0b136613f3ab
https://4everyoungantiaging.com/	1765cefc01b5
https://icryo.com/	ffeb65b47f4d
https://www.kalologie.com/	bb88ccd3171e
https://www.bodydetails.com/	02db7baeb00f
https://dermanimedspa.com/	bb0ebdef4481
https://skinpharm.com/	bf6658db249c
https://www.peachystudio.com/	5791b1068017
https://alchemy43.com/	61a61ee4c089
https://www.skinclique.com/	e2941bb18f29
https://radianceholdings.com/	2481cc3c4faf
https://www.sonamedspa.com/	01490b6f1b63
https://www.laserclinique.com/	7bdc0e92f6be
https://bodenvy.com/	c3390dd3622e
https://www.gloskinbeauty.com/	06ff0b45f0d0
https://www.ampaesthetics.com/	cf7252352a49
https://ayamedicalspa.com/	e47169a8be74
https://www.hellobeautifulmedspa.com/	2e5706c795b2
https://www.renewmedspa.com/	4f27efb9a5e3
https://www.lumenmedspa.com/	defa9d5ec7aa
https://www.beautybarmedispa.com/	b9801cc147d2
https://www.serenitymedspa.com/	65d28c945d1d
https://www.vitaliamedspa.com/	e0b2dea6ec23
https://www.sculptmd.com/	432953b91add
https://www.liftaesthetics.com/	95da6f9aeb97
https://www.aestheticare.com/	5fb946796c56
https://www.nakedmd.com/	18e3f7ca9f19
https://www.restore.com/	08324f5dfab8
https://www.thedripbar.com/	0108c5addb5a
https://hydralivetherapy.com/	bc16d84c3264
https://liquivida.com/	78b1f152c5fc
https://primeivhydration.com/	f0a7a72752d9
https://driphydration.com/	b50574603a19
https://hydreight.com/	89aa9fe55f3b
https://www.revivme.com/	44483b56c2df
https://www.ivnutrition.com/	b1b255a46b00
https://theivdoc.com/	e169faea28ec
https://mediweightloss.com/	d9888f3505fd
https://redmountainweightloss.com/	75a57fa5e97a
https://optionsmedicalweightloss.com/	037b48cbafa1
https://www.formhealth.co/	74880f2de8f6
https://www.joincalibrate.com/	704ddfa876ae
https://ro.co/	b4e6e8a41973
https://www.forhims.com/	fb50b1d12ba9
https://lifemd.com/	3d30bfb879aa
https://joinmochi.com/	f3b198eb6cb6
https://www.tryeden.com/	2556d6d73e6e
https://www.enarahealth.com/	49e475c8c663
https://www.physicianswellnessclinic.com/	847b5cbb12a3
https://www.zenoti.com/	c532a5380031
https://www.joinblvd.com/	6ecffeaa5edb
https://www.aestheticspro.com/	34250ec44932
https://www.aestheticrecord.com/	2ceedc06b0e9
https://www.patientnow.com/	aec6ab473eb3
https://www.vagaro.com/	74dabf61d86f
https://www.mangomint.com/	00085762bb44
https://www.nextech.com/	1278ff09c00f
https://www.modmed.com/	b8a507594ae8
https://www.jane.app/	0f96797ca6e1
https://www.getweave.com/	dcd0fb7c0915
https://www.symplast.com/	d74613b1e41e
https://www.mindbodyonline.com/	797112fecc36
https://www.repeatmd.com/	3bdd7585e6c1
https://pabau.com/	d8ea47c136e0
https://www.podium.com/	1631fe703fbb
https://www.moxie.md/	9461697b8c26
https://qualiphy.me/	9a505477f0b3
https://www.medicaldirectorco.com/	c45431cbae78
https://guardianmedicaldirection.com/	a79aeba0e623
https://www.empiremedicaltraining.com/	ab039180b63a
https://iapam.com/	7e9f663cc81f
https://www.nationallaserinstitute.com/	dd0ba2a8fda7
https://aaamed.org/	b45ba8a8d8e8
https://www.aaopm.com/	4981f982a7dc
https://estheticskininstitute.com/	43e8d9d65935
https://www.allerganaesthetics.com/	d2dd4c3115fc
https://www.galderma.com/us	fcd8ddc35bb9
https://www.merzaesthetics.com/	cca9ce6a7a1a
https://www.evolus.com/	436a75d84cbf
https://revance.com/	a68986fecf1e
https://www.cynosure.com/	726639454223
https://www.candelamedical.com/	f347aac6e0f5
https://inmodemd.com/	9d564fc590a7
https://www.cutera.com/	b15753472ff8
https://www.btlaesthetics.com/	0b86ebf4bc9d
https://sciton.com/	3d8d8b1e561c
https://www.almalasers.com/	e9552d14b9dd
https://lumenis.com/	4b64b82fe636
https://venusconcept.com/	e28c40d9fc26
https://www.soltamedical.com/	78748f5a5fc2
https://aerolase.com/	025865bfec45
https://www.americanmedspa.org/	e3d35fde81fd
https://www.theaestheticsociety.org/	48ddc6bbd226
https://www.aslms.org/	1969e6762c99
https://www.asds.net/	a859744a7c1a
https://www.plasticsurgery.org/	39a0b84d0709
https://www.aafprs.org/	92c7a8ab042f
https://www.ispan.org/	a5314c20c1af
https://www.dnanurse.org/	094752bcb18b
https://skytalegroup.com/	12a7816b38f0
https://aestheticbrokers.com/	f75e323ff40f
https://olympicma.com/	7026cde2d179
https://www.providenthp.com/	a80654c74d41
https://physiciangrowthpartners.com/	7f35393a8eb3
https://www.growth99.com/	591bb84b855b
https://influxmarketing.com/	1d6ba81cf375
https://crystalcleardm.com/	84b050f554e7
https://www.medspa-rx.com/	f2480d7584f9
https://empowerpharmacy.com/	78d4a7056248
https://olympiapharma.com/	deb7c43293a3
https://hallandalepharmacy.com/	0994b3d40473
https://reviverx.com/	5e9f40d3fa2a
https://belmarpharmasolutions.com/	b48dab7e8bf7
https://strivepharmacy.com/	f702cf804b8a
https://www.bhg.com/	288346a7b2e9
https://www.getprovide.com/	05ddeab1425c
https://withcherry.com/	bdbbb3661e94
https://www.patientfi.com/	aaaccdf658d7
https://www.carecredit.com/	c7bbdcaa38a5
https://alphaeoncredit.com/	84ddc43976fe
https://byrdadatto.com/	cdd20d173acd
https://lengea.com/	23eea9868f1b
https://jacksonllp.com/	aad9d7151fec
https://cohenhealthcarelaw.com/	d078a8004778
https://www.nelsonhardiman.com/	11200ac499a0
https://www.frierlevitt.com/	b3473c8f790a
https://www.chellelaw.com/	5be0dde8a7c6
https://medspastandards.com/	dfb2e55d41ad
https://www.withorbital.com/	24dfe558d5b0
