https://www.lengea.com/	r_lengea
https://www.crystalcleardm.com/	r_ccdm
https://www.medspa-rx.com/about-us/	r_msrx
https://moxie.md/	r_moxie
https://www.olympiapharmacy.com/	r_olympia
https://www.idealimage.com/locations	r_ideal
https://www.bodydetails.com/locations/	r_bodydetails
https://www.dermanimedspa.com/locations/	r_dermani
https://thedripbar.com/	r_dripbar
https://ampaesthetics.com/	r_amp
https://www.skinpharm.com/locations	r_skinpharm
https://www.peachystudio.com/locations	r_peachy
https://www.glo30.com/	r_glo30
https://www.aestheticbrokers.com/	r_aestheticbrokers
https://www.skytalegroup.com/	r_skytale
https://www.revance.com/	r_revance
https://www.hers.com/	r_hers
https://www.getprovide.com/	r_provide
https://www.serenitymedspatx.com/	r_serenity
https://www.laseraway.com/locations/	r_laseraway_loc
https://milanlaser.com/locations/	r_milan_loc
https://www.skinspirit.com/locations	r_skinspirit_loc
https://everbody.com/locations	r_everbody_loc
https://www.viomedspa.com/locations/	r_vio_loc
https://elase.com/locations/	r_elase_loc
https://skinlaundry.com/pages/locations	r_skinlaundry_loc
https://orangetwist.com/locations/	r_orangetwist_loc
https://sevlaser.com/locations/	r_sevlaser_loc
https://www.sonobello.com/locations/	r_sonobello_loc
https://4everyoungantiaging.com/locations/	r_4ever_loc
https://icryo.com/locations/	r_icryo_loc
https://www.kalologie.com/locations/	r_kalologie_loc
https://www.restore.com/locations	r_restore_loc
https://primeivhydration.com/locations/	r_primeiv_loc
https://liquivida.com/locations/	r_liquivida_loc
https://hydralivetherapy.com/locations/	r_hydralive_loc
https://mediweightloss.com/locations/	r_mediwl_loc
https://www.skinclique.com/locations	r_skinclique_loc
https://alchemy43.com/pages/locations	r_alchemy_loc
https://www.americanmedspa.org/state-chapters/	r_amspa_chapters
https://www.americanmedspa.org/vendor-directory/	r_amspa_vendors
