rank,channel,type,url,est_size,size_confidence,activity,self_promo_rule,rule_status,posture,stage,source_url,notes
"1","r/FulfillmentByAmazon","Subreddit","https://www.reddit.com/r/FulfillmentByAmazon","~50,000–65,000","secondary-source","High — daily posts plus a stickied weekly Q&A thread","No subreddit-specific rule page was reachable from the research environment. Reddit-wide default applies and is assumed until read live: mods remove unsolicited links; contribution history precedes any link; a link belongs in the profile, not the reply body.","unverified","reply-only, no link","channel","https://www.repricerexpress.com/amazon-fba-reddit/","research/channels.md §2.1. PRIMARY VOLUME SURFACE for A2. Reddit is unfetchable from the research environment, so the size figure is triangulated from secondary sources and is order-of-magnitude only. The stickied weekly Q&A thread is the lowest-friction first reply. Cannot advance to rules-checked until a human opens the live sidebar and rules wiki."
"2","r/AmazonSeller","Subreddit","https://www.reddit.com/r/AmazonSeller","9,000 / 70,893 / 110,000 across three sources","conflicting","Medium–high — covers Seller Central, Vendor Central, FBA and FBM","No subreddit-specific rule text was reachable. Reddit-wide default applies as above. The subreddit's own description carries explicit anti-spam framing.","unverified","reply-only, no link","channel","https://projectfba.com/amazon-fba-reddit/","research/channels.md §2.2. The three published figures differ by roughly 12x, which is the clearest evidence in the research that secondary Reddit sizing is unreliable. Figures are recorded as conflicting rather than averaged. Verify size and rules directly before relying on this channel for planning."
"3","Amazon Seller Forums (official)","Vendor-operated forum","https://sellercentral.amazon.com/seller-forums","","unpublished","Very high — sellers post actual notice text and reason codes, often within hours of deactivation","Prohibited: posting links to non-Amazon external websites, URLs or hyperlinks, including commercial content such as advertising, promotions or solicitations. Also prohibited: spam, including unsolicited links and the same post copied across threads. Enforcement escalates from an account notification warning, to a temporary posting suspension of 1 to 30 days depending on severity, to permanent removal of posting privileges on repeat violations. Amazon may also unilaterally edit or delete content.","verified","reputation-only","rules-checked","https://sellercentral.amazon.com/seller-forums/guidelines","research/channels.md §2.3. HIGHEST-SEVERITY EXECUTION RISK IN THE GTM PLAN (03-gtm-pricing.md §4.2): a single link-bearing reply risks losing the highest-relevance surface in the landscape permanently. NO LINK ANYWHERE, including profile and signature — the unsolicited-links language reads broader than in-post links. Never mention price. Rules read verbatim from Amazon's own guidelines page; re-read before the first post and quarterly thereafter. Access requires a seller account, so true reach is unknowable externally."
"4","Walmart Marketplace Seller Forum","Vendor-operated forum","https://marketplacelearn.walmart.com/forum","","unpublished","Lower than the Amazon forum — Walmart 3P is a smaller seller population","Prohibited: promoting services, fundraisers, surveys or social media accounts; using the forum to coordinate business activities; disclosing account, contact or financial information or IP addresses; discussing pricing, costs, margins or other competitively sensitive information; illegal-activity content including IP infringement; threats, obscenity, hate or harassment; sharing private conversations with Walmart associates; off-topic personal, political or religious discussion. Posts must align with the Seller Code of Conduct and all discussion must be in English. Moderators intervene if a question goes unanswered after two business days.","verified","reputation-only","rules-checked","https://marketplacelearn.walmart.com/guides/seller-forum-policy","research/channels.md §2.4. The only Walmart-specific vendor-operated community that exists, which makes it the credibility surface for the v1.1 Walmart extension. Promoting services is named outright rather than inferred from a general anti-spam clause. Lower priority for reply volume, high priority for standing that compounds before the product needs it."
"5","ASGTG (Amazon Sellers Group TG)","Facebook group","","~77,000+","secondary-source","High — positioned specifically around account health, suspensions and rights-owner complaints","Group-set rather than platform-set. Not reachable from the research environment; Facebook group rules live in a pinned post and the About tab. Secondary sources note that self-promotion norms in Facebook seller groups run looser than on Reddit or the official forums, but that is a norm, not this group's rule.","unverified","reply-only, no link","channel","https://asgtg.com/","research/channels.md §2.5. The single clearest topical match to Clausewright's product of any community in the research, official forums included. The exact Facebook group URL was not confirmed — field left empty rather than guessed. A human must join and read the pinned rules before any post. Treat as reply-only until those rules are read, then re-evaluate whether a profile link is tolerated."
"6","My Silent Team","Facebook group","https://www.facebook.com/groups/mysilentteam","~83,000+","secondary-source","High, but broad general-FBA scope — suspension threads are incidental rather than the group's purpose","Unverified. Not reachable from the research environment; same caveat as ASGTG.","unverified","reply-only, no link","channel","https://www.delightchat.io/ecommerce-forums-facebook-groups/mysilentteam-amazon-fba-and-online-sellers","research/channels.md §2.6. Larger audience than ASGTG but materially lower density of the specific trigger event. Secondary sweep target, not primary."
"7","Sellers Ask Sellers","Independent forum","https://sellersasksellers.com/","","unpublished","Low–medium overall, but carries live suspension threads including a dedicated Walmart category","A Guidelines link exists in the site footer; its content was not retrievable from the research environment.","unverified","reply-only, no link","channel","https://sellersasksellers.com/","research/channels.md §2.7. The only forum in the research with a named, discoverable Walmart suspension subforum, which the two large subreddits lack. Small and independent rather than platform-owned, so plausibly more tolerant of a profile link than the official forums — but that is an inference, not a rule. Worth the manual rules check for the Walmart coverage alone."
"8","Aspkin Forums — Amazon Suspensions","Independent forum","https://www.aspkin.com/forums/amazon-suspensions/","","unpublished","Medium — old-web forum cadence, but the highest topical concentration of any surface researched","Could not be fetched — the site returned HTTP 403 to automated access. Posting guidelines and FAQ must be read manually.","unverified","reply-only, no link","channel","https://www.aspkin.com/forums/","research/channels.md §2.8. The most purpose-built independent community found: the site exists for account suspension and limitation across platforms. Members are seasoned enough to already know they need an appeal, which suits the paid tiers. DO NOT POST until the rules are read by a human — rule_status is unverified because of a hard fetch block, not an oversight."
"9","r/Flipping","Subreddit","https://www.reddit.com/r/Flipping","130,000 / 250,000 across two sources","conflicting","Medium — general resale community spanning Amazon, eBay, Poshmark and retail arbitrage","No subreddit-specific rule text reachable. Reddit-wide default applies.","unverified","reply-only, no link","channel","https://projectfba.com/amazon-fba-reddit/","research/channels.md §2.9. Reach without density — Amazon suspension content is a minority of volume here. Not a day-1 priority; take it up only once the top four surfaces are running at cadence."
"10","Amazon FBA / seller Discord servers (cluster)","Discord","","Hundreds to low thousands per server","secondary-source","Real-time chat — high engagement per message, low searchability and durability","Server-specific. Several list a dedicated self-promo or promotions channel, implying general channels are locked down, but this was not independently confirmed for any named server.","unverified","reply-only, no link","out-of-scope","https://thehiveindex.com/communities/fba-secrets/","research/channels.md §2.10. EXPLICITLY OUT OF SCOPE FOR V1. Fragmented across many small servers with no dominant hub, and message-level engagement is not durable or searchable, which breaks the reply-to-Decoder attribution that A2 depends on. Servers named in the research are recorded there, not enumerated here, because none has verified rules. Revisit only as a BD surface (a paid-server operator as a referral partner), not as a posting channel."
"","eComFuel (formerly eCommerceFuel)","Private paid forum","https://www.ecommercefuel.com/ecommerce-forum/","50,000+ searchable threads (not a member count)","published","Active, professionally moderated, invite/paid membership of seven- and eight-figure ecommerce owners","Recorded in research as ""no ads or pitching posts"" per the forum's own site. REVIEW CORRECTION: that wording was NOT found on the forum page when re-fetched — the page confirms only a paid, application-gated, professionally moderated forum ($199-$299/mo stated). The rule is therefore unconfirmed and the conservative default governs.","unverified","operator-channel-only","channel","https://www.ecommercefuel.com/ecommerce-forum/","research/partners.md Segment K row 44. NO MEMBER OUTREACH, EVER. Downgraded from rule_status=verified/stage=rules-checked in the Phase 3 acquisition review: the self-promotion rule could not be confirmed at the cited URL, and only a human read sets verified (CRM.md §8.2). The operator-channel-only posture is unchanged because it is the strictest available reading and is correct whether or not the rule text is confirmed. The only legitimate route is the operators, about a paid sponsor or partner slot, through their own published business channel — which is why this community is also carried as a partner row in partners.csv. The 50,000+ figure is threads, not members; no member count is published, so est_size is deliberately not a headcount."
"","Extreme Commerce","Facebook group","","","unpublished","Not assessed","Unverified — not reachable from the research environment.","unverified","reply-only, no link","channel","","research/partners.md Segment K note. Identified in a follow-up flag only, with no admin or business contact page located and no rules read. REVIEW CORRECTION: est_size and size_confidence emptied — a ~1.2M figure circulated in research with NO source URL, and the no-fabricated-data rule requires unverifiable fields to stay empty rather than carry a number planning might read. The figure is recorded here as an unsourced third-hand claim and must not be used until confirmed against the group itself. This row exists so the channel is not rediscovered and treated as new; it needs a full research pass before it can be staged further."
"","AMAZON Sellers & FBA Community","Facebook group","","","unpublished","Not assessed","Unverified — not reachable from the research environment.","unverified","reply-only, no link","channel","","research/partners.md Segment K note. Same status as Extreme Commerce. REVIEW CORRECTION: est_size and size_confidence emptied — a ~296k figure circulated in research with NO source URL, and unverifiable fields stay empty. Recorded here as an unsourced third-hand claim; must not be used until confirmed against the group itself."
"","Helium 10 Members Group","Facebook group","","~70,000","secondary-source","Not assessed","Unverified — not reachable from the research environment.","unverified","reply-only, no link","channel","https://www.helium10.com/","research/partners.md Segment D row 18 and Segment K note. Operated by Helium 10, which is also a partner prospect — the cleanest route into this group is very likely the partner relationship, not an unannounced posting motion. Coordinate with the Helium 10 partner row before engaging here."
"","r/AmazonSellerCentral","Subreddit","","","","Not assessed","Not assessed.","unverified","reply-only, no link","channel","","Named in the GTM plan's community surface list (03-gtm-pricing.md §4.2 Test A) but NOT researched in channels.md — no size, activity or rules data exists for it anywhere in the research set. Every field is deliberately empty rather than inferred from the sibling subreddits. Research it before it is staged or posted to."
